{
  "Serilog": {
    "Using": ["Serilog.Sinks.Console", "Serilog.Sinks.File"],
    "MinimumLevel": {
      "Default": "Debug",
      "Override": {
        "Microsoft": "Warning",
        "Microsoft.EntityFrameworkCore.Database.Command": "Error"
      }
    },
    "WriteTo": [
      {"Name": "Console"},
      {"Name": "File", "Args": { "path": "../../config/logs/log.log", "rollOnFileSizeLimit": true, "fileSizeLimitBytes": 10000000, "retainedFileCountLimit": 10, "rollingInterval": "Day"}},      
      {"Name": "Seq", "Args": { "serverUrl": "http://localhost:5341" }},      
      {"Name": "Logger",
        "Args": { "configureLogger": { 
          "WriteTo": [ 
              {
                "Name": "File",
                "Args": { "path": "../../config/logs/error.log", "rollOnFileSizeLimit": true, "fileSizeLimitBytes": 10000000, "retainedFileCountLimit": 10, "rollingInterval": "Day"}
              }              
            ],
            "Filter": [
              {
                "Name": "ByIncludingOnly",
                "Args": { "expression": "@Level = 'Error'" }
              }
            ]
          }
        }
      }
    ],
    "Enrich": ["FromLogContext", "WithMachineName", "WithThreadId" ],
    "Properties": {
      "Application": "VendingMachine"
    }
  }
}
