<?xml version="1.0"?>
<doc>
    <assembly>
        <name>Machine.Infrastructure</name>
    </assembly>
    <members>
        <member name="M:Machine.Infrastructure.Services.VendingMachineService.UseLanguage(System.String)">
            <summary>
            Fluent interface for setting language
            </summary>
            <param name="languageCode"></param>
            <returns></returns>
        </member>
        <member name="M:Machine.Infrastructure.Services.VendingMachineService.UseCurrency(System.String)">
            <summary>
            Fluent interface for setting currency
            </summary>
            <param name="currency"></param>
            <returns></returns>
        </member>
    </members>
</doc>
